image_id,turtle_id,image_location
ID_01V72ODX,t_id_HxxqrdTx,top
ID_04OJKJCX,t_id_MwnEYfqe,left
ID_05TGI031,t_id_MwnEYfqe,left
ID_07G63SQQ,t_id_2E8o5Jtl,left
ID_0J2KMSQM,t_id_ROFhVsy2,left
ID_0JUKU12R,t_id_MwnEYfqe,top
ID_0LHBZTQP,t_id_dVQ4x3wz,right
ID_0LSLCM97,t_id_fjHGjp1w,left
ID_0MAZXMYF,t_id_e9i3Lbq4,top
ID_0MDPCI4I,t_id_g9Fz8PH7,top
ID_0OJ7R2MI,t_id_VP2NW7aV,top
ID_0OW4569T,t_id_VP2NW7aV,left
ID_0R1LTU0U,t_id_dVQ4x3wz,left
ID_0REN0P2J,t_id_MwnEYfqe,right
ID_0RNNI62X,t_id_15bo4NKD,top
ID_0SPNIIQH,t_id_D0gA44av,right
ID_0XSBFVP7,t_id_dVQ4x3wz,right
ID_11DOXJDC,t_id_MwnEYfqe,right
ID_143II10V,t_id_2E8o5Jtl,right
ID_175RT31J,t_id_a4VYrmyA,right
ID_183EOYT2,t_id_JI6ba2Yx,top
ID_1A55GY9F,t_id_BI99coHt,right
ID_1DVY6IUG,t_id_Kf73l69A,left
ID_1HCI3CNF,t_id_dVQ4x3wz,left
ID_1IB6UD2I,t_id_uJXT7dGu,left
ID_1KIK5LB3,t_id_uJXT7dGu,right
ID_1L21N22X,t_id_VP2NW7aV,right
ID_1L5YLLJY,t_id_dVQ4x3wz,left
ID_1L9QG6RJ,t_id_uJXT7dGu,top
ID_1M7YNV21,t_id_VP2NW7aV,right
ID_1NYZGFCD,t_id_g9Fz8PH7,left
ID_1OZ1DNSM,t_id_15bo4NKD,top
ID_1R2TPR02,t_id_dVQ4x3wz,left
ID_1RF74837,t_id_15bo4NKD,top
ID_1V3XQ1UL,t_id_hRzOoJ2t,top
ID_1ZWU9B5J,t_id_ROFhVsy2,left
ID_23DL6UUR,t_id_dVQ4x3wz,left
ID_25A9Y3SZ,t_id_ksTLswDT,top
ID_2DX95QB8,t_id_MwnEYfqe,right
ID_2EWC85HS,t_id_a4VYrmyA,right
ID_2GHNCEQF,t_id_MwnEYfqe,right
ID_2HPVCWG9,t_id_utw0thCe,left
ID_2JX2B6SM,t_id_D0gA44av,left
ID_2PZFLMOS,t_id_dVQ4x3wz,top
ID_2QJVLVCN,t_id_SwQZGIpa,top
ID_2U4YGU1X,t_id_ZfvZBX4Q,top
ID_2XA6LOIC,t_id_Ts5LyVQz,right
ID_2XUE5CLL,t_id_SwQZGIpa,right
ID_32P8PXQR,t_id_G5JLzvai,left
ID_32PMO9WW,t_id_WDCMGvI4,right
ID_36NFSYTH,t_id_HcnnlRda,right
ID_36P0Q3VE,t_id_g9Fz8PH7,left
ID_38J6VQV8,t_id_G5JLzvai,right
ID_38NA8CCU,t_id_JI6ba2Yx,left
ID_38OUCPZR,t_id_D0gA44av,right
ID_39211PRT,t_id_72SiiZCp,right
ID_3AP9L02F,t_id_MwnEYfqe,left
ID_3B9CYN99,t_id_ROFhVsy2,left
ID_3C6CYF16,t_id_ksTLswDT,left
ID_3CONIX9Z,t_id_WDCMGvI4,left
ID_3FPPLJ4H,t_id_J5dngbNA,top
ID_3GBEM8UV,t_id_YjXYTCGC,top
ID_3KUNXRIO,t_id_ROFhVsy2,left
ID_3OOGU6HU,t_id_JI6ba2Yx,left
ID_3QG1H2FB,t_id_J5dngbNA,left
ID_3RKLXIM5,t_id_a4VYrmyA,left
ID_3TATVOLX,t_id_Kf73l69A,right
ID_3TBGZLMP,t_id_ip3jsrYo,right
ID_3TTCTVWH,t_id_JI6ba2Yx,top
ID_3WA3UZEL,t_id_WDCMGvI4,top
ID_42A2NXRC,t_id_dVQ4x3wz,top
ID_42XKA7V4,t_id_WDCMGvI4,top
ID_44G37A49,t_id_D0gA44av,top
ID_47FGPWUY,t_id_uJXT7dGu,left
ID_48S7K1S0,t_id_hRzOoJ2t,right
ID_49BMHBOX,t_id_dVQ4x3wz,left
ID_4AXOX7DZ,t_id_ZfvZBX4Q,top
ID_4DHSG1BM,t_id_AOWArhGb,left
ID_4E8Q0SKG,t_id_hRzOoJ2t,left
ID_4K16TX0M,t_id_8b8sprYe,top
ID_4NVJSJIH,t_id_MwnEYfqe,left
ID_4P2PSQID,t_id_dc6pjonY,left
ID_4Z6420ET,t_id_a4VYrmyA,right
ID_4ZGN2XLP,t_id_dVQ4x3wz,top
ID_5193EAT7,t_id_MwnEYfqe,top
ID_51NILSUD,t_id_iZQiE7wb,right
ID_52WFO4FZ,t_id_HcnnlRda,left
ID_5B1T3XB0,t_id_15bo4NKD,left
ID_5BV3TLGS,t_id_D0gA44av,right
ID_5DYUYLWP,t_id_YjXYTCGC,right
ID_5HVBI95J,t_id_dVQ4x3wz,left
ID_5J278DGO,t_id_uJXT7dGu,right
ID_5LE85PNA,t_id_ROFhVsy2,top
ID_5MIJ35IL,t_id_utw0thCe,top
ID_5N324G4X,t_id_fjHGjp1w,top
ID_5NX49QNG,t_id_ZfvZBX4Q,right
ID_5OOAE1GB,t_id_9GFmcOd5,top
ID_5S6KJ8XJ,t_id_WDCMGvI4,left
ID_5TIPGNB0,t_id_15bo4NKD,right
ID_5ZO7Y371,t_id_uJXT7dGu,top
ID_60EW7CAC,t_id_MwnEYfqe,left
ID_64WMYJ6L,t_id_uJXT7dGu,top
ID_67MBIEB0,t_id_HxxqrdTx,left
ID_6ALDMB0K,t_id_2QmcRkNj,top
ID_6AXPO47G,t_id_QqeoI5F3,top
ID_6GLX33R9,t_id_IP3xtKuX,right
ID_6JTY5DMM,t_id_hRzOoJ2t,top
ID_6K8QRL7P,t_id_uJXT7dGu,left
ID_6LI6344U,t_id_ZfvZBX4Q,left
ID_6LRVZYN9,t_id_uJXT7dGu,left
ID_6P2JPF3R,t_id_a4VYrmyA,left
ID_6RZNNGKI,t_id_dVQ4x3wz,left
ID_6SNGAL79,t_id_0g31STvR,left
ID_6SRQDW7K,t_id_2E8o5Jtl,right
ID_6THJLOQS,t_id_15bo4NKD,left
ID_74YSHIWP,t_id_JI6ba2Yx,top
ID_76YM9TG5,t_id_uJXT7dGu,right
ID_785TL59X,t_id_Kc1tXDbJ,top
ID_78CAS06L,t_id_IP3xtKuX,left
ID_7A5PMU3P,t_id_ROFhVsy2,right
ID_7E17CIES,t_id_G5JLzvai,right
ID_7H5MITQX,t_id_2E8o5Jtl,left
ID_7HKB19U6,t_id_MwnEYfqe,top
ID_7IC89VMI,t_id_WDCMGvI4,right
ID_7QG4TG73,t_id_fxTQ5vHC,right
ID_7UHWUCKL,t_id_YjXYTCGC,left
ID_7ZLAQIIW,t_id_ROFhVsy2,right
ID_86CD3YY5,t_id_ROFhVsy2,left
ID_86XPVG7M,t_id_a4VYrmyA,left
ID_87LMF70Y,t_id_YjXYTCGC,left
ID_8A3IZXQT,t_id_G5eoqwD8,right
ID_8A8NQOKI,t_id_8b8sprYe,right
ID_8EW96WNT,t_id_dVQ4x3wz,right
ID_8NGF6MS0,t_id_EEbWq5Pj,left
ID_8NI03IIC,t_id_dc6pjonY,left
ID_8ON7MLFD,t_id_iZQiE7wb,left
ID_8Q5BXJD0,t_id_JI6ba2Yx,left
ID_8RECN3X6,t_id_VFb44eFm,top
ID_8WHD9JSU,t_id_uJXT7dGu,right
ID_8XJUHQKX,t_id_dVQ4x3wz,left
ID_8Z7GRTWJ,t_id_Ts5LyVQz,top
ID_9352HE96,t_id_YjXYTCGC,right
ID_93QD1NVY,t_id_2E8o5Jtl,top
ID_94P5I9S6,t_id_Ts5LyVQz,right
ID_95HP1PV7,t_id_ROFhVsy2,top
ID_96D55E6A,t_id_D0gA44av,left
ID_96V78JL2,t_id_dVQ4x3wz,right
ID_97BMD90S,t_id_DbmclTcj,top
ID_9CQN668S,t_id_D0gA44av,left
ID_9CV172MH,t_id_a4VYrmyA,right
ID_9HR47FJI,t_id_ROFhVsy2,top
ID_9K2ZE089,t_id_G5JLzvai,right
ID_9KU6V7CR,t_id_iD9ikw6Y,top
ID_9LGCV424,t_id_uMOOrQu7,right
ID_9OOSSZXQ,t_id_WDCMGvI4,top
ID_9P5XLYTJ,t_id_uJXT7dGu,right
ID_9RBPH1DC,t_id_IP3xtKuX,left
ID_9S9PN9ZB,t_id_uJXT7dGu,right
ID_9SNS7ANR,t_id_JI6ba2Yx,top
ID_9TZNL0FE,t_id_MwnEYfqe,top
ID_9UTZN2R7,t_id_G5eoqwD8,top
ID_9XC29R8Q,t_id_YjXYTCGC,left
ID_9YSIROXR,t_id_ksTLswDT,top
ID_A0H6XBPW,t_id_fjHGjp1w,right
ID_A0I1RXL7,t_id_uMOOrQu7,left
ID_A1HP5ABI,t_id_fxTQ5vHC,right
ID_A4K70GX9,t_id_JI6ba2Yx,top
ID_A70RCNCO,t_id_dc6pjonY,top
ID_ABCQ65ZZ,t_id_uJXT7dGu,left
ID_AC0SIE6T,t_id_dVQ4x3wz,right
ID_ACFUD1GB,t_id_VP2NW7aV,right
ID_ACMP57DU,t_id_GrxmyS59,top
ID_AET14IUV,t_id_ksTLswDT,top
ID_AGE9Y9MD,t_id_ksTLswDT,left
ID_AI0NJ8UB,t_id_ZfvZBX4Q,left
ID_AIGDGLB1,t_id_Lhp87PBX,top
ID_AMG99FZU,t_id_utw0thCe,right
ID_ANDUWUCA,t_id_0g31STvR,right
ID_AXSQ5VEQ,t_id_MwnEYfqe,top
ID_AYV6FGTS,t_id_hRzOoJ2t,top
ID_B1GNJ6NY,t_id_dVQ4x3wz,top
ID_B2SI8F8Q,t_id_JI6ba2Yx,right
ID_B4X2M1HU,t_id_hRzOoJ2t,left
ID_B6RD3HTN,t_id_WDCMGvI4,left
ID_B79XKC8Y,t_id_dVQ4x3wz,top
ID_B7WJVDMH,t_id_dVQ4x3wz,top
ID_BEMGN29E,t_id_uJXT7dGu,left
ID_BET18NQ3,t_id_qZ0iZYsC,top
ID_BGK1DPPE,t_id_utw0thCe,right
ID_BMW2IANP,t_id_dVQ4x3wz,left
ID_BPEU92M9,t_id_AOWArhGb,right
ID_BSQ78A7C,t_id_HxxqrdTx,right
ID_BTDA7Q8H,t_id_D7NA71la,right
ID_BV67BVCV,t_id_utw0thCe,right
ID_BVDHASCA,t_id_Kf73l69A,left
ID_BWKS09JL,t_id_fxTQ5vHC,left
ID_BY6XQOFV,t_id_VP2NW7aV,right
ID_C0E2YOXO,t_id_SwQZGIpa,right
ID_C0R5ODN6,t_id_D0gA44av,top
ID_C1T2XMD5,t_id_2E8o5Jtl,left
ID_C3YXBK6T,t_id_hRzOoJ2t,right
ID_C5B3IT60,t_id_ksTLswDT,right
ID_C6BZXC3P,t_id_fjHGjp1w,left
ID_C7KYTXZZ,t_id_D0gA44av,left
ID_CA99OBEY,t_id_ifWwxWF4,right
ID_CACHKGDC,t_id_ROFhVsy2,left
ID_CDGREZMB,t_id_ROFhVsy2,right
ID_CFF6EH6S,t_id_fjHGjp1w,left
ID_CLO0P8LB,t_id_fjHGjp1w,right
ID_CNX9C8W9,t_id_uJXT7dGu,left
ID_COWWUL5R,t_id_ROFhVsy2,right
ID_CPEEXQO0,t_id_BI99coHt,right
ID_CPK85AG4,t_id_15bo4NKD,right
ID_CPWZAAHI,t_id_utw0thCe,left
ID_CSEGHJH0,t_id_fjHGjp1w,top
ID_CUO1K9LG,t_id_JI6ba2Yx,top
ID_CWBLZ1IT,t_id_dVQ4x3wz,top
ID_CZHN7GNK,t_id_HxxqrdTx,top
ID_CZNRBL1W,t_id_D0gA44av,right
ID_CZW0H9RO,t_id_g9Fz8PH7,right
ID_D5C9SBS0,t_id_YjXYTCGC,right
ID_D5TZ49WB,t_id_IlO9BOKc,top
ID_D8BMA973,t_id_0g31STvR,right
ID_D8QU8SOG,t_id_YjXYTCGC,top
ID_DBF69CYW,t_id_D0gA44av,left
ID_DBJZ1Q8G,t_id_fjHGjp1w,right
ID_DFZDLQ87,t_id_8b8sprYe,left
ID_DIL48MD1,t_id_VP2NW7aV,top
ID_DILUH582,t_id_G5JLzvai,top
ID_DLKKWVIV,t_id_15bo4NKD,left
ID_DMDKDX9C,t_id_MwnEYfqe,right
ID_DMPF15O4,t_id_IlO9BOKc,top
ID_DW134PX6,t_id_G5JLzvai,left
ID_DX5MQTTQ,t_id_hRzOoJ2t,left
ID_DYVA4IKJ,t_id_AMnriNb5,top
ID_DZ5EJQ5W,t_id_ksTLswDT,left
ID_E4FE1G4T,t_id_JI6ba2Yx,right
ID_E8C1EHXH,t_id_MwnEYfqe,right
ID_EE7H25IB,t_id_YjXYTCGC,right
ID_EFAJSTQ0,t_id_dVQ4x3wz,top
ID_EHUN73KN,t_id_g9Fz8PH7,top
ID_EJ4WAIK8,t_id_stWei2Uq,top
ID_ENOSI5OI,t_id_IlO9BOKc,right
ID_ENQ5XR2S,t_id_15bo4NKD,right
ID_EXYEIJAL,t_id_YjXYTCGC,right
ID_EZ8B2FH4,t_id_a4VYrmyA,top
ID_F08I285T,t_id_D0gA44av,left
ID_F49VT0FP,t_id_JI6ba2Yx,right
ID_F52IOJA1,t_id_Kf73l69A,top
ID_F6MZXJGX,t_id_8b8sprYe,top
ID_F8Q87R2E,t_id_dVQ4x3wz,right
ID_FBQN7ZSY,t_id_Kf73l69A,top
ID_FCPJW0R2,t_id_dVQ4x3wz,top
ID_FEER5LL7,t_id_YjXYTCGC,right
ID_FFS5TSXZ,t_id_hRzOoJ2t,right
ID_FGHT5T1C,t_id_dVQ4x3wz,left
ID_FLXUFN2O,t_id_IlO9BOKc,right
ID_FNMID14I,t_id_MwnEYfqe,top
ID_FP0SKIGA,t_id_fjHGjp1w,right
ID_FV7ZPN4H,t_id_IP3xtKuX,left
ID_FWUZNO0Z,t_id_dVQ4x3wz,left
ID_FY98U486,t_id_uIlC9Gfo,top
ID_G12M83KJ,t_id_ROFhVsy2,right
ID_G24BYN1N,t_id_9GFmcOd5,left
ID_G4DTUW5J,t_id_fjHGjp1w,left
ID_G8N4BZ6B,t_id_YjXYTCGC,right
ID_GDWS9ZUR,t_id_ksTLswDT,right
ID_GH170TRZ,t_id_15bo4NKD,top
ID_GI5O97HG,t_id_8b8sprYe,right
ID_GIDF4F50,t_id_YjXYTCGC,top
ID_GJ71PXBW,t_id_G5JLzvai,top
ID_GLQII5M8,t_id_MwnEYfqe,left
ID_GM0YFND8,t_id_Ts5LyVQz,top
ID_GP7QW6MW,t_id_D3kHUEgp,top
ID_GQ4O0LH7,t_id_hRzOoJ2t,right
ID_GS7W2EE9,t_id_JI6ba2Yx,left
ID_GSW12GA0,t_id_9GFmcOd5,top
ID_GVL0UQSK,t_id_D0gA44av,right
ID_GX602E8E,t_id_hRzOoJ2t,right
ID_H0745C1F,t_id_ksTLswDT,right
ID_H0R8KKQF,t_id_MwnEYfqe,right
ID_H38SG3MZ,t_id_YjXYTCGC,left
ID_H4NQYY1O,t_id_SwQZGIpa,top
ID_H4XU5HKG,t_id_2E8o5Jtl,right
ID_H66LRJ5A,t_id_WDCMGvI4,right
ID_H6NKEY7B,t_id_15bo4NKD,left
ID_H9TSXKL5,t_id_0g31STvR,right
ID_H9Y7R40H,t_id_Ts5LyVQz,top
ID_HCV081ST,t_id_IlO9BOKc,left
ID_HFWEYLC7,t_id_qZ0iZYsC,left
ID_HM14E1P9,t_id_IP3xtKuX,left
ID_HS6RVGXD,t_id_dVQ4x3wz,left
ID_HU4901N6,t_id_qZ0iZYsC,right
ID_HUZHX11S,t_id_hRzOoJ2t,top
ID_HWNWD9NX,t_id_WDCMGvI4,right
ID_HXU3K25O,t_id_JI6ba2Yx,top
ID_I1F7X6UE,t_id_2E8o5Jtl,left
ID_I1VH076W,t_id_YjXYTCGC,left
ID_I2T5XT7A,t_id_YjXYTCGC,left
ID_I3BBP8ZI,t_id_ZfvZBX4Q,top
ID_I76OPAPI,t_id_dVQ4x3wz,right
ID_I7JIXXWL,t_id_hRzOoJ2t,top
ID_IA5NYTD6,t_id_G5JLzvai,left
ID_IAO9HUWJ,t_id_15bo4NKD,top
ID_IHMIMRHT,t_id_dVQ4x3wz,right
ID_IMAQGTIN,t_id_J5dngbNA,right
ID_IS3BGEA9,t_id_2E8o5Jtl,right
ID_IS9B5F9Z,t_id_JI6ba2Yx,top
ID_ISOQO54N,t_id_uJXT7dGu,top
ID_ITH4P0HE,t_id_0DPPpRUz,right
ID_IVMIN97Q,t_id_dVQ4x3wz,top
ID_IXSRDKOY,t_id_YjXYTCGC,top
ID_J1DZO7S8,t_id_MwnEYfqe,left
ID_J4692SDD,t_id_Kf73l69A,left
ID_JF0VZ5XE,t_id_ksTLswDT,top
ID_JKMWQM6M,t_id_YjXYTCGC,right
ID_JKQDZIQT,t_id_utw0thCe,right
ID_JM285R1Y,t_id_D0gA44av,top
ID_JMAA7V8L,t_id_ksTLswDT,right
ID_JMCBJUJN,t_id_dVQ4x3wz,right
ID_JMDZ2VMZ,t_id_D3kHUEgp,top
ID_JMH03XWB,t_id_VP2NW7aV,top
ID_JN7DSKX4,t_id_ksTLswDT,left
ID_JSFXF2RC,t_id_e9i3Lbq4,top
ID_JT0H4H9B,t_id_SwQZGIpa,left
ID_K78670B6,t_id_Kf73l69A,top
ID_K9B8QJ46,t_id_uJXT7dGu,top
ID_KC6GEJ2T,t_id_dVQ4x3wz,right
ID_KCPM47BB,t_id_ksTLswDT,left
ID_KG3Y5ITL,t_id_e9i3Lbq4,right
ID_KJ9NMZR9,t_id_0g31STvR,left
ID_KNU0Y95F,t_id_72SiiZCp,top
ID_KOHPRXX9,t_id_HxxqrdTx,top
ID_KRFJ3C1E,t_id_dVQ4x3wz,left
ID_KU7J0GRK,t_id_2E8o5Jtl,top
ID_KUS9G2LZ,t_id_JI6ba2Yx,right
ID_KWZ3H2QE,t_id_dc6pjonY,right
ID_L10YDY8E,t_id_8b8sprYe,right
ID_L189QQCG,t_id_G5JLzvai,left
ID_L20E5SO7,t_id_YjXYTCGC,left
ID_L2OVNXLS,t_id_a4VYrmyA,top
ID_L2Q2NYKZ,t_id_SwQZGIpa,right
ID_L7ZTTKAI,t_id_Ts5LyVQz,left
ID_L97ZNL2K,t_id_gGQbn7FA,top
ID_LE90VV7W,t_id_D3kHUEgp,top
ID_LG175PNZ,t_id_D0gA44av,left
ID_LH89PUPU,t_id_IlO9BOKc,left
ID_LIVIM8OW,t_id_MwnEYfqe,left
ID_LJGEETHZ,t_id_15bo4NKD,left
ID_LK9ZR5L6,t_id_HxxqrdTx,left
ID_LNRLOJW4,t_id_a4VYrmyA,right
ID_LNRN5H6Y,t_id_UVQa4BMz,right
ID_LPAWOLOZ,t_id_iZQiE7wb,right
ID_LPBZNKLF,t_id_IP3xtKuX,top
ID_LS4EDSWK,t_id_dVQ4x3wz,top
ID_LSOTTH93,t_id_dVQ4x3wz,right
ID_LXML1RCV,t_id_fjHGjp1w,left
ID_LYICXMDL,t_id_JI6ba2Yx,right
ID_LYL9U2VG,t_id_HxxqrdTx,right
ID_M0Q07I8Z,t_id_dVQ4x3wz,left
ID_M17JIOZN,t_id_DPYQnZyv,top
ID_M197DBXG,t_id_hRzOoJ2t,left
ID_M1JBKN7R,t_id_15bo4NKD,right
ID_M3EYL2XQ,t_id_SwQZGIpa,top
ID_M3IMJI2X,t_id_dVQ4x3wz,left
ID_M4FVI2M7,t_id_utw0thCe,left
ID_M4Y6MLYY,t_id_MwnEYfqe,left
ID_M4YOP8N5,t_id_9GFmcOd5,left
ID_M6E9JPV2,t_id_HxxqrdTx,left
ID_M849Z8WJ,t_id_ROFhVsy2,right
ID_M8KSH2OT,t_id_4XiPKIk7,right
ID_M99AA9DL,t_id_uJXT7dGu,top
ID_MAGFDLRD,t_id_D0gA44av,right
ID_MBJNE0WN,t_id_AMnriNb5,left
ID_ME3VZMUO,t_id_4XiPKIk7,right
ID_MG3BL3VH,t_id_2E8o5Jtl,top
ID_MJBII43A,t_id_uJXT7dGu,top
ID_MNKMK448,t_id_15bo4NKD,right
ID_MNNYQ8ZC,t_id_uMOOrQu7,right
ID_MTQNU9R5,t_id_hRzOoJ2t,left
ID_MUTE51JO,t_id_YjXYTCGC,top
ID_MV7BJTHH,t_id_fxTQ5vHC,left
ID_MVL2I75E,t_id_G5eoqwD8,top
ID_MWD5XHI3,t_id_JI6ba2Yx,right
ID_MWPMHK5H,t_id_GrxmyS59,right
ID_MXVKYG72,t_id_MwnEYfqe,right
ID_N0EDE38W,t_id_9GFmcOd5,right
ID_N1KJHXJN,t_id_G5JLzvai,right
ID_N4RNR59R,t_id_ZfvZBX4Q,right
ID_N5H8KADD,t_id_ZfvZBX4Q,top
ID_N6B855KO,t_id_MwnEYfqe,left
ID_N8HSG78A,t_id_G5eoqwD8,right
ID_N9M6EP9I,t_id_uJXT7dGu,right
ID_NBQYJH8U,t_id_dVQ4x3wz,right
ID_NE5G32OQ,t_id_a4VYrmyA,left
ID_NFF2ZAKY,t_id_AOWArhGb,top
ID_NKIC5QCD,t_id_YjXYTCGC,right
ID_NOAXMULS,t_id_fxTQ5vHC,top
ID_NOT70337,t_id_4XiPKIk7,top
ID_NPB09DEM,t_id_ksTLswDT,right
ID_NPWGI8AN,t_id_dVQ4x3wz,top
ID_NQDDJ40T,t_id_dVQ4x3wz,right
ID_NR0AFWOE,t_id_dVQ4x3wz,left
ID_NTANX1C3,t_id_fjHGjp1w,right
ID_NXA5ZP40,t_id_JI6ba2Yx,left
ID_O1E38UST,t_id_VFb44eFm,right
ID_O1X1IG9G,t_id_a4VYrmyA,top
ID_O532H5US,t_id_dVQ4x3wz,left
ID_O6GZG0FG,t_id_ksTLswDT,top
ID_O87Q8X8M,t_id_ROFhVsy2,top
ID_OA9K376R,t_id_DPYQnZyv,top
ID_OB2TMSPL,t_id_ROFhVsy2,top
ID_OFULSUIV,t_id_a4VYrmyA,top
ID_OIW8TUOC,t_id_2E8o5Jtl,left
ID_OPIH4QBC,t_id_8b8sprYe,right
ID_ORZLNSBF,t_id_JI6ba2Yx,left
ID_OT55CMYW,t_id_ROFhVsy2,right
ID_OTKDC476,t_id_ROFhVsy2,right
ID_OUTX9D6H,t_id_a4VYrmyA,left
ID_OV12UXA6,t_id_tjWepji1,top
ID_OWFY65IB,t_id_ROFhVsy2,left
ID_OX1S7NFO,t_id_fxTQ5vHC,top
ID_OYMGFCR8,t_id_dVQ4x3wz,top
ID_P12RS0IK,t_id_QqeoI5F3,left
ID_P3WA1T96,t_id_a4VYrmyA,top
ID_P4R0HA1E,t_id_JI6ba2Yx,left
ID_P8WY41O9,t_id_uMOOrQu7,top
ID_PA86XXTU,t_id_Ts5LyVQz,left
ID_PF0E4Z5X,t_id_ksTLswDT,right
ID_PFIG2IWP,t_id_2E8o5Jtl,top
ID_PHIDMNRO,t_id_ksTLswDT,right
ID_PHU3FHJ7,t_id_YjXYTCGC,right
ID_PHVF1ONX,t_id_IP3xtKuX,right
ID_PIKQ22IK,t_id_UVQa4BMz,right
ID_PK0DUMCL,t_id_IP3xtKuX,right
ID_PKABOWJS,t_id_iZQiE7wb,top
ID_PO16VBPK,t_id_iZQiE7wb,left
ID_PQ2LXWJD,t_id_HcnnlRda,left
ID_PS6OM80V,t_id_Ts5LyVQz,left
ID_PTUVX3FH,t_id_ROFhVsy2,top
ID_PUD0B1ED,t_id_dVQ4x3wz,right
ID_PXBCUO8U,t_id_e9i3Lbq4,left
ID_Q2B9TI94,t_id_dVQ4x3wz,top
ID_Q2GMFX0T,t_id_MwnEYfqe,left
ID_Q2P5VFQN,t_id_YjXYTCGC,top
ID_Q4WNKIUT,t_id_dVQ4x3wz,top
ID_Q63T1KQZ,t_id_ksTLswDT,left
ID_Q85DJK8V,t_id_15bo4NKD,right
ID_QBWMV9PM,t_id_ksTLswDT,top
ID_QCEGMXFU,t_id_IlO9BOKc,top
ID_QDOQ4UXR,t_id_YjXYTCGC,right
ID_QEK39KD8,t_id_dVQ4x3wz,left
ID_QHY2CFPA,t_id_uJXT7dGu,right
ID_QKV4DLRE,t_id_a4VYrmyA,top
ID_QLZNF27Z,t_id_YjXYTCGC,top
ID_QMBFTD8K,t_id_dc6pjonY,left
ID_QPD48NMH,t_id_DPYQnZyv,right
ID_QQLNMOOK,t_id_9GFmcOd5,right
ID_QRBLMBRW,t_id_15bo4NKD,left
ID_QRZM2KKB,t_id_IlO9BOKc,top
ID_QSDHEQU6,t_id_ksTLswDT,top
ID_QSFLPXA8,t_id_utw0thCe,top
ID_QT91KUBB,t_id_utw0thCe,top
ID_QYCXLWB8,t_id_a4VYrmyA,left
ID_QZI6SKL3,t_id_IP3xtKuX,right
ID_R0ZX4MHR,t_id_9GFmcOd5,left
ID_R5LFBZK2,t_id_ksTLswDT,left
ID_R5UPVNXO,t_id_15bo4NKD,right
ID_R7H6KA0R,t_id_dVQ4x3wz,right
ID_RA9K1SLB,t_id_YjXYTCGC,left
ID_RAEDFA7A,t_id_IlO9BOKc,top
ID_RAHATO8R,t_id_2QmcRkNj,right
ID_RFDEK6RX,t_id_ksTLswDT,left
ID_RG0A72RY,t_id_AMnriNb5,right
ID_RP65OKBV,t_id_G5JLzvai,top
ID_RY2TVHEC,t_id_VP2NW7aV,left
ID_S2EVB53S,t_id_D0gA44av,top
ID_S3KAQY1I,t_id_tjWepji1,left
ID_S4NNGEQU,t_id_15bo4NKD,left
ID_S5BYLT0A,t_id_JI6ba2Yx,right
ID_S5N5EBXP,t_id_ksTLswDT,left
ID_S7AQVNIG,t_id_ROFhVsy2,top
ID_S8BG3IQY,t_id_ksTLswDT,right
ID_S94LHQSC,t_id_VFb44eFm,top
ID_S9KJW3YK,t_id_dVQ4x3wz,right
ID_SC8C49H4,t_id_ksTLswDT,top
ID_SGX5J6I8,t_id_HxxqrdTx,right
ID_SHHFT37Z,t_id_MwnEYfqe,right
ID_SI60TO4F,t_id_qZ0iZYsC,top
ID_SJIQ6ET0,t_id_0g31STvR,left
ID_SLFCG02O,t_id_G5JLzvai,right
ID_SMFK3L5Y,t_id_SwQZGIpa,left
ID_SNHXIHWP,t_id_dVQ4x3wz,top
ID_SPKAD3NP,t_id_J5dngbNA,right
ID_SS603OGQ,t_id_YjXYTCGC,top
ID_SVCXM5TE,t_id_D0gA44av,right
ID_SXGJCYL8,t_id_uJXT7dGu,top
ID_SYQ2UV3O,t_id_ROFhVsy2,right
ID_SZB17RIO,t_id_IP3xtKuX,right
ID_T0P6UG2Z,t_id_dVQ4x3wz,right
ID_T4V9DL7T,t_id_MwnEYfqe,top
ID_T7A8HJX7,t_id_dVQ4x3wz,left
ID_T7UD0TAO,t_id_dVQ4x3wz,top
ID_T8BKJGN3,t_id_HcnnlRda,right
ID_TCSBYQUB,t_id_2Yn71r7R,left
ID_TFZMOB5D,t_id_a4VYrmyA,right
ID_TKKQKLG1,t_id_MwnEYfqe,top
ID_TO6NVGMB,t_id_JI6ba2Yx,left
ID_TQIQD5QF,t_id_ROFhVsy2,top
ID_TRFD8WPT,t_id_EEbWq5Pj,right
ID_TRK7FYJ1,t_id_D0gA44av,left
ID_TRRHP9YN,t_id_ROFhVsy2,left
ID_TSQZ7T47,t_id_MwnEYfqe,left
ID_TWA2P80U,t_id_ZfvZBX4Q,left
ID_TXGNUPS3,t_id_Ts5LyVQz,top
ID_TYOUCWB5,t_id_YjXYTCGC,left
ID_U2RCT730,t_id_YjXYTCGC,right
ID_U4YWDPZ2,t_id_YjXYTCGC,right
ID_UAXK9QO0,t_id_Kf73l69A,right
ID_UCN4YCGQ,t_id_dc6pjonY,top
ID_UCOCAB7N,t_id_ROFhVsy2,right
ID_UDFJKGDE,t_id_G5JLzvai,top
ID_UDIW9TI3,t_id_dVQ4x3wz,right
ID_UE3PV9GL,t_id_ksTLswDT,right
ID_UEOOU71O,t_id_ksTLswDT,left
ID_UHGLLKLT,t_id_dVQ4x3wz,right
ID_UIDLTLXU,t_id_dVQ4x3wz,top
ID_UKPRRKJL,t_id_utw0thCe,top
ID_UL1NCBQU,t_id_dVQ4x3wz,top
ID_UNQWGPCX,t_id_D7NA71la,top
ID_UNU86YKR,t_id_2E8o5Jtl,right
ID_UOBFG6IG,t_id_g9Fz8PH7,right
ID_UQBBMOBH,t_id_dVQ4x3wz,top
ID_USEFBZZ3,t_id_dVQ4x3wz,right
ID_UT58LYDF,t_id_hRzOoJ2t,left
ID_UTMFFK40,t_id_EEbWq5Pj,right
ID_UUXBOR2F,t_id_YjXYTCGC,left
ID_UXQN7GTB,t_id_dVQ4x3wz,left
ID_UY20BCE0,t_id_dc6pjonY,right
ID_UZ2JWS5E,t_id_EEbWq5Pj,top
ID_V5KLKAX1,t_id_MwnEYfqe,right
ID_V64OC4GN,t_id_hRzOoJ2t,left
ID_V6GD6AB3,t_id_15bo4NKD,top
ID_V6J6S2HM,t_id_uJXT7dGu,top
ID_V72Q3YL7,t_id_MwnEYfqe,right
ID_V7HEMSFH,t_id_ZfvZBX4Q,right
ID_VDSOLW83,t_id_ksTLswDT,left
ID_VDUJW2ZB,t_id_utw0thCe,left
ID_VEMHBFAO,t_id_DPYQnZyv,top
ID_VGGWQRHI,t_id_fjHGjp1w,top
ID_VGQ3ZCBS,t_id_D0gA44av,top
ID_VH55LNVA,t_id_SwQZGIpa,top
ID_VK31VZ50,t_id_VP2NW7aV,left
ID_VM575DNC,t_id_dVQ4x3wz,left
ID_VMEFML6L,t_id_dVQ4x3wz,left
ID_VMJCA7EI,t_id_D0gA44av,left
ID_VT4O4PHD,t_id_dVQ4x3wz,top
ID_VTBWYEW1,t_id_YjXYTCGC,left
ID_VYWPDXK5,t_id_D0gA44av,top
ID_W0AC44HS,t_id_ksTLswDT,top
ID_W149RRA1,t_id_qZ0iZYsC,left
ID_W1X6FPE7,t_id_Lhp87PBX,right
ID_W2A0BBMH,t_id_D0gA44av,right
ID_W2SNZXIB,t_id_G5JLzvai,left
ID_W37B3RHV,t_id_2E8o5Jtl,left
ID_W5VY485L,t_id_uJXT7dGu,right
ID_W77VTHUW,t_id_YjXYTCGC,top
ID_W9GVXV9N,t_id_IP3xtKuX,top
ID_WDR3JEBO,t_id_SwQZGIpa,left
ID_WGM0PZTQ,t_id_D3kHUEgp,right
ID_WL7IOAME,t_id_fjHGjp1w,top
ID_WMWJRL5H,t_id_YjXYTCGC,right
ID_WN50I50K,t_id_mXD9Bjsb,right
ID_WO2WNSWO,t_id_IP3xtKuX,right
ID_WOX4ZTOB,t_id_EEbWq5Pj,left
ID_WXZYC18C,t_id_ksTLswDT,right
ID_WY36YF8G,t_id_Ts5LyVQz,left
ID_X1D8E1LL,t_id_9GFmcOd5,right
ID_X3OUHDZK,t_id_2E8o5Jtl,top
ID_X72HRJGV,t_id_D0gA44av,top
ID_X8AH3XRC,t_id_SwQZGIpa,right
ID_XDNATSHC,t_id_uJXT7dGu,right
ID_XFE6I814,t_id_YjXYTCGC,left
ID_XGLQ9MH7,t_id_IlO9BOKc,right
ID_XHZN4ZYV,t_id_YjXYTCGC,top
ID_XI6P4R0O,t_id_uJXT7dGu,left
ID_XKFUGJAY,t_id_YjXYTCGC,left
ID_XNARVB35,t_id_uJXT7dGu,right
ID_XQ0LOEZW,t_id_dVQ4x3wz,left
ID_XQ9GYYVL,t_id_VP2NW7aV,right
ID_XQS4I8TY,t_id_MwnEYfqe,top
ID_XSFXXW5G,t_id_15bo4NKD,top
ID_XTQ36C7H,t_id_3fKmnkBS,top
ID_XXIDIBSK,t_id_hRzOoJ2t,top
ID_Y2OPZMDL,t_id_SwQZGIpa,left
ID_Y2UP5OFP,t_id_ROFhVsy2,top
ID_Y8ESJWGT,t_id_YjXYTCGC,left
ID_YALWO1Y0,t_id_uIlC9Gfo,top
ID_YC8WT5NT,t_id_JI6ba2Yx,right
ID_YCHOBPTH,t_id_D3kHUEgp,left
ID_YCS3W1N5,t_id_ROFhVsy2,top
ID_YD394M4O,t_id_HcnnlRda,top
ID_YDZQEC75,t_id_dVQ4x3wz,right
ID_YEP1IBM1,t_id_SwQZGIpa,top
ID_YIB54WE6,t_id_2E8o5Jtl,left
ID_YL64RUD2,t_id_ROFhVsy2,left
ID_YN3O1X43,t_id_8b8sprYe,left
ID_YPRJYMY1,t_id_ROFhVsy2,left
ID_YQ4WRE6G,t_id_hRzOoJ2t,right
ID_YUE30GIG,t_id_YjXYTCGC,top
ID_YVSS0ZVK,t_id_9GFmcOd5,left
ID_Z19BFJI4,t_id_YjXYTCGC,top
ID_Z1GM97T3,t_id_dVQ4x3wz,right
ID_Z208CXO2,t_id_ROFhVsy2,right
ID_Z3G2KIJ3,t_id_0g31STvR,top
ID_Z420LQ7X,t_id_ksTLswDT,top
ID_Z4A071VQ,t_id_fjHGjp1w,top
ID_Z50NI3MC,t_id_MwnEYfqe,right
ID_Z5D9WAI4,t_id_ksTLswDT,top
ID_Z5NU0X2G,t_id_dVQ4x3wz,top
ID_Z6EK2LP9,t_id_EEbWq5Pj,top
ID_Z8H3B3YO,t_id_uMOOrQu7,top
ID_Z8WZ3DIV,t_id_SwQZGIpa,top
ID_Z9MCXU3D,t_id_D3kHUEgp,right
ID_ZCLQ8ENE,t_id_ROFhVsy2,right
ID_ZCVMBSPC,t_id_gGQbn7FA,left
ID_ZE24G7ZF,t_id_8b8sprYe,left
ID_ZF63PXM4,t_id_WDCMGvI4,left
ID_ZFD3LY0A,t_id_ROFhVsy2,left
ID_ZGUSRKBY,t_id_IlO9BOKc,left
ID_ZH3R7ZCZ,t_id_D0gA44av,right
ID_ZHHOFCJZ,t_id_IlO9BOKc,right
ID_ZNINF2ZA,t_id_15bo4NKD,right
ID_ZOC0KQZG,t_id_fjHGjp1w,right
ID_ZQUAVY6J,t_id_Imm5pnNf,right
ID_ZR55A8PC,t_id_ksTLswDT,right
ID_ZRL08NK3,t_id_Ts5LyVQz,right
ID_ZTXJKI65,t_id_uMOOrQu7,left
ID_ZXYRDFRS,t_id_iZQiE7wb,top
